N,P,K,temperature,humidity,ph,rainfall,label
50.06,45.75,30.03,22.65,54.91,6.4,480.9,Wheat
40.81,35.04,29.75,21.78,59.18,6.98,474.21,Wheat
40.33,40.88,22.3,18.62,61.85,6.36,554.9,Wheat
43.55,43.69,37.21,21.93,51.62,6.91,517.06,Wheat
47.19,45.27,33.05,21.27,69.45,6.72,329.93,Wheat
47.27,31.54,36.75,21.2,52.36,6.99,320.93,Wheat
48.24,31.12,20.42,15.8,65.89,6.89,453.69,Wheat
49.78,33.31,32.9,24.98,52.15,6.91,462.83,Wheat
58.24,36.02,27.68,22.78,64.83,6.92,347.87,Wheat
57.29,45.51,26.58,24.23,69.55,6.85,364.15,Wheat
40.32,34.84,24.72,17.23,57.24,6.93,435.91,Wheat
44.08,43.04,31.23,24.59,59.27,6.25,591.18,Wheat
48.99,45.49,21.1,17.8,66.49,6.11,538.68,Wheat
50.85,30.96,27.47,17.31,65.86,6.68,533.15,Wheat
42.47,43.27,30.18,15.31,51.63,6.57,381.03,Wheat
52.08,33.89,24.34,17.93,60.59,6.56,390.97,Wheat
42.9,35.04,25.89,23.65,63.09,6.53,400.34,Wheat
42.36,41.78,32.25,17.89,50.39,6.23,567.49,Wheat
51.13,33.64,28.07,20.41,67.05,6.84,547.06,Wheat
40.76,48.7,26.63,22.26,59.73,6.83,491.63,Wheat
55.41,41.14,38.74,17.97,51.8,6.02,533.12,Wheat
40.26,34.66,39.7,17.92,59.56,6.18,423.91,Wheat
44.5,42.63,27.41,21.77,57.14,6.77,534.16,Wheat
46.02,40.74,39.37,17.36,60.25,6.58,578.12,Wheat
41.58,30.03,27.12,22.8,59.52,6.79,415.58,Wheat
43.82,30.33,22.56,18.91,65.33,6.49,397.2,Wheat
45.52,41.71,26.67,24.79,67.32,6.49,393.97,Wheat
47.61,48.44,35.88,17.81,62.16,6.73,346.36,Wheat
41.08,46.37,23.42,22.93,53.06,6.96,476.52,Wheat
54.0,33.5,22.59,22.68,67.26,6.91,466.42,Wheat
53.96,42.51,29.79,17.77,64.79,6.69,544.34,Wheat
59.77,49.41,28.75,24.95,64.9,6.88,549.08,Wheat
54.42,31.79,30.01,15.01,55.15,6.14,359.25,Wheat
40.2,49.88,22.91,16.54,57.59,6.77,548.85,Wheat
46.71,48.5,25.21,19.39,54.73,6.7,502.26,Wheat
51.11,33.0,30.42,15.54,68.77,6.77,387.14,Wheat
50.51,44.49,30.27,23.21,54.79,6.37,537.77,Wheat
43.81,40.63,30.37,17.77,61.0,6.59,431.07,Wheat
48.68,42.89,30.8,23.69,57.13,6.04,350.42,Wheat
50.91,47.18,22.06,16.09,54.54,6.93,318.94,Wheat
45.26,43.15,28.43,24.29,68.24,6.98,468.54,Wheat
58.82,31.73,37.03,18.61,59.38,6.8,517.73,Wheat
50.89,47.22,28.94,24.39,64.78,6.2,410.13,Wheat
41.83,41.49,21.99,24.24,66.88,6.39,571.91,Wheat
49.79,32.79,27.03,23.91,65.26,6.1,555.82,Wheat
57.6,42.09,32.3,22.23,56.57,6.52,453.3,Wheat
41.07,39.63,22.07,20.33,52.76,6.05,435.5,Wheat
58.03,31.54,38.89,22.21,65.83,6.91,532.14,Wheat
54.81,30.8,25.85,17.1,53.8,6.56,361.6,Wheat
52.98,33.88,37.91,15.55,56.95,6.04,507.92,Wheat
47.65,46.29,33.62,22.92,66.51,6.91,446.33,Wheat
57.48,49.05,36.13,17.85,59.35,6.75,405.62,Wheat
41.9,37.79,33.33,18.69,62.29,6.93,408.72,Wheat
44.74,39.08,31.65,15.72,55.19,6.28,347.76,Wheat
42.89,35.75,32.58,19.73,67.19,7.0,373.12,Wheat
55.5,30.22,27.72,18.22,66.09,6.69,508.12,Wheat
53.47,32.24,21.11,17.08,54.23,6.9,577.9,Wheat
42.74,40.33,24.69,19.52,64.18,6.7,325.81,Wheat
58.3,33.36,29.29,20.96,64.38,6.86,307.19,Wheat
45.16,31.5,29.98,18.87,61.08,6.43,439.8,Wheat
46.5,30.4,31.0,22.89,56.94,6.11,416.82,Wheat
45.76,30.54,33.28,17.6,69.32,6.97,398.31,Wheat
48.18,40.78,21.47,19.43,52.92,6.65,482.78,Wheat
59.25,34.11,36.14,21.87,56.54,6.26,551.01,Wheat
51.56,38.04,34.71,16.39,69.65,6.4,329.6,Wheat
45.68,48.36,30.36,24.66,57.02,6.08,360.41,Wheat
56.8,45.41,35.46,22.81,68.74,6.03,528.38,Wheat
49.92,49.13,24.64,17.42,56.07,6.81,405.35,Wheat
56.73,39.39,33.29,16.85,67.89,6.26,322.01,Wheat
48.13,42.45,20.83,22.22,60.25,6.54,309.73,Wheat
51.79,36.21,30.94,18.94,63.1,6.67,505.72,Wheat
42.62,49.15,23.26,18.56,53.18,6.52,454.16,Wheat
41.85,48.11,30.49,22.58,55.06,6.01,400.28,Wheat
53.11,39.92,35.95,22.98,55.39,6.06,522.7,Wheat
51.06,49.66,22.84,21.84,50.26,6.41,354.67,Wheat
54.13,31.61,21.11,16.36,70.0,6.99,321.9,Wheat
57.94,48.28,24.97,18.37,66.71,6.3,318.1,Wheat
56.64,49.06,25.08,20.41,69.22,6.94,567.65,Wheat
47.69,36.14,25.63,24.57,58.2,6.37,367.16,Wheat
47.44,46.84,34.46,23.7,60.31,6.29,456.23,Wheat
58.63,39.66,22.29,21.54,60.12,6.28,331.56,Wheat
56.03,31.99,34.2,20.27,60.44,6.74,590.96,Wheat
43.93,49.57,33.11,23.09,51.53,6.98,558.86,Wheat
46.32,41.51,37.91,15.15,63.01,6.26,405.91,Wheat
58.7,39.85,20.93,15.84,66.16,6.98,343.19,Wheat
40.42,39.71,33.68,21.79,50.49,6.32,583.69,Wheat
50.68,38.62,35.11,21.97,65.93,6.87,380.64,Wheat
58.43,44.18,29.88,21.04,51.88,6.8,544.74,Wheat
48.68,32.97,22.18,21.2,57.08,6.43,558.1,Wheat
40.81,45.64,39.83,15.4,60.36,6.79,449.64,Wheat
57.8,33.11,37.54,16.15,56.24,6.16,476.54,Wheat
54.01,49.5,38.52,17.61,53.78,6.01,587.5,Wheat
46.75,35.78,37.63,16.64,53.82,6.01,354.25,Wheat
49.74,34.84,33.62,23.02,55.68,6.39,415.14,Wheat
41.21,38.53,39.09,15.48,51.06,6.83,573.17,Wheat
40.29,31.74,37.36,24.83,51.59,6.42,371.84,Wheat
40.4,45.84,33.76,17.03,61.91,6.8,589.01,Wheat
53.07,44.73,35.08,16.8,60.54,6.86,585.95,Wheat
41.57,35.55,31.9,23.81,67.5,6.63,556.06,Wheat
58.88,44.81,39.06,17.45,64.86,6.94,427.74,Wheat
32.92,27.95,17.16,20.44,58.44,6.31,306.93,Barley
46.81,37.49,16.07,19.97,56.42,6.71,289.98,Barley
35.08,27.77,29.19,19.76,62.66,6.75,451.73,Barley
31.18,31.93,32.97,20.66,48.59,6.17,345.47,Barley
32.8,28.32,32.44,18.85,62.6,6.0,289.36,Barley
32.74,29.69,29.77,20.74,59.0,6.34,379.47,Barley
35.0,37.33,19.48,20.24,50.42,6.9,472.25,Barley
42.12,32.98,21.86,17.92,48.05,6.92,333.52,Barley
32.51,39.91,22.26,17.89,53.94,6.91,263.59,Barley
33.12,27.31,15.4,20.96,64.28,6.89,491.02,Barley
39.06,34.07,17.09,16.32,47.69,6.04,463.59,Barley
38.45,28.24,18.88,18.56,64.16,6.85,295.67,Barley
31.52,29.69,15.92,19.76,46.85,6.77,459.71,Barley
35.45,35.31,24.33,21.19,47.51,6.29,431.08,Barley
43.75,25.96,32.29,15.58,57.79,6.72,297.7,Barley
38.88,21.03,15.52,15.71,48.11,6.73,440.77,Barley
41.59,35.4,28.2,15.08,48.53,6.99,422.65,Barley
30.3,31.12,27.65,20.16,57.44,6.85,375.09,Barley
44.08,23.37,15.48,21.14,48.42,6.58,288.29,Barley
44.98,26.53,30.16,15.87,62.4,6.78,492.12,Barley
34.55,22.84,16.34,20.69,47.52,6.52,494.19,Barley
38.92,30.3,31.8,21.11,45.07,6.27,305.59,Barley
46.63,35.77,33.72,16.44,56.51,6.83,310.07,Barley
45.37,39.29,31.12,16.22,52.69,6.96,476.34,Barley
38.31,38.55,24.27,21.76,63.77,6.4,437.04,Barley
38.44,20.52,15.44,15.4,64.5,6.03,483.29,Barley
48.91,28.64,22.17,16.78,56.0,6.1,332.74,Barley
47.61,34.3,25.21,16.53,50.68,6.64,366.74,Barley
40.04,30.48,32.16,19.29,58.87,6.82,281.31,Barley
31.46,23.43,28.76,16.94,47.84,6.2,439.31,Barley
47.39,36.28,33.71,20.6,55.68,6.34,479.53,Barley
33.01,25.27,27.5,17.01,60.93,6.54,344.08,Barley
30.58,29.33,17.52,15.65,64.13,6.31,449.03,Barley
39.8,39.57,29.24,18.83,57.37,6.37,367.57,Barley
33.5,23.37,16.3,20.68,54.21,6.3,304.56,Barley
43.44,30.45,19.16,15.57,56.77,6.64,417.92,Barley
33.39,21.0,17.37,19.81,56.34,6.67,282.54,Barley
33.28,32.09,18.16,15.87,54.01,6.96,297.43,Barley
47.65,20.47,18.05,16.9,64.38,6.83,429.73,Barley
46.1,23.93,16.58,18.17,60.3,6.66,450.27,Barley
46.78,30.74,30.35,20.47,50.04,6.66,302.65,Barley
36.98,30.93,34.75,20.99,58.46,6.02,477.73,Barley
34.26,35.32,17.46,20.98,64.29,6.94,392.9,Barley
48.44,38.2,23.85,21.05,55.27,6.4,313.63,Barley
41.03,38.23,31.41,19.48,47.0,6.93,262.26,Barley
30.5,35.22,23.03,19.06,47.09,6.27,492.15,Barley
35.66,35.85,34.75,21.14,47.06,6.45,333.15,Barley
48.53,25.66,28.49,18.07,53.04,6.54,471.99,Barley
35.08,31.35,16.79,21.99,58.0,6.91,390.27,Barley
32.03,21.23,16.39,21.95,60.99,6.55,457.26,Barley
42.5,21.95,27.23,20.48,53.06,6.3,325.57,Barley
38.48,24.9,25.44,16.61,63.28,6.52,367.53,Barley
49.04,35.38,29.94,20.76,55.12,6.75,344.24,Barley
41.72,26.13,23.82,19.48,48.33,6.45,447.49,Barley
42.88,24.73,20.35,16.54,63.3,6.43,412.88,Barley
47.93,38.31,31.0,15.66,51.78,6.44,444.79,Barley
44.87,33.33,15.08,16.71,45.71,6.02,439.17,Barley
37.8,22.86,21.8,21.33,51.66,6.68,328.58,Barley
47.11,27.58,16.45,18.24,49.83,6.76,411.46,Barley
49.07,38.27,27.13,17.66,49.25,6.94,333.12,Barley
49.52,25.01,25.81,19.3,46.15,6.65,418.57,Barley
36.57,29.13,20.23,16.69,60.97,6.02,303.96,Barley
45.15,30.48,16.13,17.95,48.5,6.77,263.45,Barley
30.77,32.9,22.62,20.29,50.28,6.56,490.61,Barley
38.84,37.28,34.18,19.27,61.27,6.88,365.47,Barley
33.25,20.79,30.34,17.82,55.82,6.48,371.88,Barley
40.88,30.05,34.86,15.24,45.35,6.57,406.37,Barley
46.8,22.32,18.55,21.78,55.48,6.44,312.82,Barley
32.77,20.56,31.48,17.6,55.0,6.97,369.61,Barley
44.33,22.11,27.77,18.08,46.03,6.39,476.26,Barley
45.97,35.27,32.63,20.23,55.89,6.8,379.94,Barley
33.78,23.83,25.63,19.56,47.63,6.53,298.24,Barley
45.06,38.25,26.05,18.2,59.76,6.16,423.13,Barley
36.83,26.05,34.61,19.17,56.02,6.86,256.26,Barley
38.2,26.74,15.18,15.14,57.72,6.93,470.32,Barley
42.18,26.14,22.75,18.3,61.8,6.47,265.5,Barley
33.07,28.05,25.68,19.02,52.78,6.03,403.16,Barley
43.47,21.69,30.64,21.85,61.77,6.2,374.18,Barley
30.97,32.43,15.45,18.87,64.44,6.9,289.86,Barley
41.67,27.27,16.69,16.56,60.82,6.16,415.25,Barley
42.78,20.67,15.94,21.74,49.04,6.74,462.56,Barley
33.91,31.36,30.89,16.68,45.78,6.13,331.36,Barley
42.89,34.22,27.35,17.12,53.91,6.12,299.53,Barley
35.11,21.03,28.43,16.46,50.27,6.21,466.19,Barley
47.21,28.86,23.06,21.15,63.58,6.71,304.78,Barley
35.83,25.22,28.95,16.76,58.2,6.2,349.61,Barley
39.63,35.98,28.85,20.2,47.8,6.89,481.01,Barley
39.05,24.86,22.22,18.2,52.33,6.77,406.42,Barley
30.62,35.87,19.82,18.97,45.8,6.97,472.1,Barley
30.75,29.73,17.15,20.94,57.53,6.67,446.13,Barley
46.56,32.33,29.19,15.06,47.8,6.23,405.49,Barley
44.98,36.56,33.22,21.21,64.87,6.5,296.02,Barley
47.01,21.97,33.89,15.66,60.28,6.16,417.52,Barley
37.18,38.79,19.36,19.85,49.46,6.54,405.76,Barley
47.66,24.35,23.77,18.18,53.07,6.55,379.42,Barley
36.69,31.3,27.43,16.66,64.4,6.53,313.85,Barley
46.6,31.88,27.19,17.07,60.26,6.99,260.58,Barley
44.82,34.8,17.98,21.95,60.0,6.89,252.13,Barley
38.73,28.79,16.65,18.62,51.46,6.81,439.5,Barley
38.52,35.6,29.85,15.59,57.98,6.12,339.77,Barley
59.36,21.32,22.91,28.0,41.3,6.48,631.03,Sorghum
40.3,32.25,29.45,25.5,50.93,6.98,442.55,Sorghum
35.81,30.88,30.08,25.64,41.62,6.48,452.31,Sorghum
54.18,36.0,32.61,28.06,41.95,6.14,567.64,Sorghum
34.97,30.36,38.72,25.43,59.02,6.17,575.42,Sorghum
50.77,27.29,33.57,32.69,50.34,6.34,675.04,Sorghum
58.48,22.9,34.06,28.06,47.84,6.71,513.03,Sorghum
59.87,49.12,21.14,31.58,44.3,6.01,635.67,Sorghum
54.17,44.85,20.54,33.89,59.12,6.83,693.66,Sorghum
53.06,39.65,20.57,30.35,44.76,6.29,407.28,Sorghum
46.35,36.63,39.44,27.26,58.74,6.42,535.55,Sorghum
39.52,33.89,29.72,30.63,54.54,6.18,666.85,Sorghum
46.02,41.23,23.32,34.72,46.65,6.27,606.56,Sorghum
46.7,44.43,35.83,29.61,41.08,6.35,548.46,Sorghum
32.23,21.49,22.66,30.68,52.24,6.79,496.65,Sorghum
33.79,30.1,32.88,29.43,55.24,6.24,427.71,Sorghum
50.63,41.33,22.85,30.23,58.05,6.29,414.05,Sorghum
41.21,29.08,35.49,29.12,41.65,6.84,672.41,Sorghum
50.65,45.74,39.19,28.62,52.85,6.81,589.28,Sorghum
55.9,26.35,32.5,27.39,44.56,6.68,501.11,Sorghum
41.81,23.79,25.19,34.85,43.21,6.79,555.12,Sorghum
41.58,31.32,30.95,31.01,46.71,6.84,497.99,Sorghum
47.99,44.39,29.39,29.77,59.62,6.98,502.96,Sorghum
34.49,39.11,28.38,28.44,44.7,6.21,626.99,Sorghum
58.75,39.86,23.64,31.29,55.81,6.47,639.21,Sorghum
32.75,48.12,27.42,29.52,44.58,6.84,446.45,Sorghum
30.25,39.58,21.0,27.05,58.18,6.57,470.76,Sorghum
37.01,32.89,35.56,25.69,55.37,6.6,465.09,Sorghum
30.05,45.34,37.46,29.65,49.08,6.5,671.27,Sorghum
36.09,30.05,36.72,31.09,40.32,6.56,567.44,Sorghum
39.85,30.7,21.13,27.18,57.97,6.89,552.3,Sorghum
54.62,35.83,32.54,30.51,47.13,6.9,460.41,Sorghum
35.07,41.14,33.4,34.01,50.5,6.02,438.77,Sorghum
53.3,44.16,25.31,31.56,58.46,6.86,516.8,Sorghum
57.67,20.29,28.09,29.0,58.72,6.82,589.12,Sorghum
58.81,44.36,33.45,28.36,42.95,6.4,595.24,Sorghum
50.23,36.3,35.84,33.49,54.83,6.55,485.46,Sorghum
58.17,42.61,39.1,26.48,45.45,6.2,579.86,Sorghum
54.28,35.42,20.65,32.8,47.79,6.9,609.39,Sorghum
41.95,39.1,37.28,32.2,40.96,6.66,618.31,Sorghum
31.84,20.5,35.84,25.73,55.52,6.11,437.91,Sorghum
51.42,21.07,25.78,28.73,57.36,6.21,517.3,Sorghum
31.68,29.04,37.22,32.99,53.16,6.18,626.91,Sorghum
33.71,48.34,24.98,25.78,49.75,6.18,646.15,Sorghum
54.24,20.75,35.02,29.9,40.74,6.48,504.16,Sorghum
50.11,27.86,31.59,27.6,52.67,6.27,436.07,Sorghum
54.11,21.61,21.44,26.64,51.0,6.47,537.8,Sorghum
58.1,34.53,39.67,32.17,53.71,6.02,687.37,Sorghum
56.85,43.0,26.61,30.29,58.7,6.04,585.81,Sorghum
48.61,27.57,28.9,30.73,47.11,6.64,444.44,Sorghum
42.59,38.01,23.85,26.02,57.33,6.48,430.72,Sorghum
54.43,40.41,22.5,34.83,41.41,6.99,474.2,Sorghum
45.52,43.05,39.66,32.96,58.88,6.01,625.66,Sorghum
51.95,29.71,38.7,26.66,41.27,6.88,474.34,Sorghum
30.79,23.7,33.64,26.94,43.43,6.7,454.82,Sorghum
39.76,20.67,38.68,30.61,40.72,6.85,578.21,Sorghum
37.03,32.67,30.85,33.91,46.89,6.29,658.38,Sorghum
50.56,44.41,25.84,32.17,42.03,6.29,655.93,Sorghum
47.06,42.7,28.0,29.64,58.88,6.4,547.16,Sorghum
30.36,46.2,32.59,25.2,56.75,6.53,640.24,Sorghum
35.96,27.27,22.5,32.91,46.39,6.98,599.74,Sorghum
38.34,41.86,22.52,28.85,44.12,6.18,494.37,Sorghum
48.43,22.02,28.8,28.08,57.38,6.64,610.41,Sorghum
40.52,40.35,38.58,30.4,53.76,6.91,521.37,Sorghum
37.83,46.27,38.57,34.21,51.12,6.2,676.23,Sorghum
43.6,30.53,20.2,33.22,59.51,6.96,491.47,Sorghum
52.68,25.79,25.6,28.34,52.08,6.47,557.19,Sorghum
38.88,48.99,23.89,27.63,48.05,6.76,531.57,Sorghum
51.45,38.67,27.73,29.75,54.47,6.89,652.18,Sorghum
57.57,22.03,21.77,34.95,42.31,6.72,501.08,Sorghum
45.44,20.67,38.4,29.26,49.77,6.78,650.86,Sorghum
35.09,45.37,26.16,33.44,49.87,6.2,454.44,Sorghum
35.75,43.92,36.1,29.24,49.97,6.33,540.42,Sorghum
52.83,33.15,24.8,29.85,50.13,6.13,674.78,Sorghum
31.5,21.07,34.62,33.67,55.8,6.91,663.04,Sorghum
40.65,40.08,22.43,27.35,48.88,6.7,594.41,Sorghum
49.42,24.13,37.27,27.15,59.5,6.08,600.29,Sorghum
57.76,32.45,28.66,28.88,55.12,6.03,417.76,Sorghum
35.26,48.05,37.83,32.69,54.35,6.7,651.01,Sorghum
52.24,36.58,39.44,29.64,52.89,6.06,623.48,Sorghum
37.88,38.4,22.67,34.95,42.92,6.5,402.66,Sorghum
58.01,31.34,32.21,33.4,50.38,6.29,609.26,Sorghum
34.22,23.87,28.13,30.35,42.62,6.64,677.72,Sorghum
45.37,23.02,28.31,31.75,41.49,6.49,470.83,Sorghum
31.83,45.02,27.68,31.91,46.41,6.95,471.9,Sorghum
35.09,38.2,24.31,25.01,59.1,6.98,418.22,Sorghum
58.23,22.06,23.35,34.27,41.02,6.74,436.76,Sorghum
58.63,39.88,35.03,25.04,53.19,6.63,452.55,Sorghum
36.93,33.03,28.61,32.47,58.61,6.24,534.17,Sorghum
49.05,33.61,27.48,29.65,59.77,6.39,583.46,Sorghum
59.98,46.66,26.92,25.58,44.52,6.69,654.12,Sorghum
41.48,44.24,38.85,25.1,42.68,7.0,691.92,Sorghum
37.51,37.11,25.36,27.3,56.91,6.26,453.87,Sorghum
32.93,38.32,22.63,29.8,45.82,6.54,527.42,Sorghum
54.41,35.37,22.24,33.96,42.0,6.26,523.78,Sorghum
43.05,43.56,27.68,25.74,45.41,6.38,613.19,Sorghum
57.06,48.35,35.17,33.67,47.11,6.82,493.01,Sorghum
34.63,42.16,34.03,26.43,54.81,6.19,624.47,Sorghum
44.17,30.01,39.65,28.01,47.68,6.91,674.21,Sorghum
54.4,48.69,37.08,30.88,52.51,6.4,690.56,Sorghum
46.27,17.0,17.09,31.12,35.93,6.56,382.48,Millets
33.71,33.28,15.05,30.43,49.39,6.06,572.3,Millets
47.73,19.57,30.02,25.89,52.14,6.54,464.35,Millets
21.66,25.26,20.29,26.88,40.72,6.11,332.44,Millets
24.9,38.59,28.88,34.51,44.5,6.08,599.14,Millets
20.67,34.86,15.6,31.69,52.96,6.34,504.85,Millets
37.01,20.82,29.93,25.25,37.07,6.73,365.33,Millets
39.26,35.66,15.54,30.67,38.94,6.79,558.13,Millets
31.04,34.34,27.59,26.59,43.81,6.89,350.36,Millets
24.84,18.09,23.57,26.27,37.68,6.46,568.81,Millets
28.94,31.2,20.13,34.26,58.0,6.59,388.44,Millets
27.96,31.22,29.77,34.72,53.05,6.86,492.66,Millets
33.34,26.55,38.85,31.79,36.64,6.65,530.32,Millets
46.94,27.15,26.17,29.99,36.3,6.65,413.48,Millets
21.77,25.25,24.2,26.82,51.09,6.46,424.85,Millets
32.5,15.07,37.45,27.26,49.17,6.04,399.3,Millets
25.99,22.86,22.74,25.33,53.16,6.18,577.79,Millets
45.87,25.58,33.46,25.09,56.25,6.98,523.55,Millets
42.49,37.23,36.95,31.06,52.93,6.09,577.79,Millets
41.07,21.76,30.4,28.2,47.17,6.55,423.23,Millets
33.53,39.84,21.62,26.13,36.08,6.7,433.26,Millets
39.27,34.78,22.96,26.96,37.89,6.16,510.9,Millets
48.72,38.61,28.0,32.28,58.52,6.52,542.12,Millets
38.04,35.1,30.48,29.61,57.71,6.56,476.47,Millets
46.54,24.17,24.98,30.68,37.99,6.98,508.54,Millets
27.23,16.92,28.89,28.73,45.39,6.75,426.11,Millets
29.69,21.05,37.02,25.11,41.12,6.83,348.7,Millets
44.44,25.51,27.37,33.68,40.1,6.44,302.82,Millets
20.31,23.95,15.65,25.99,53.13,6.2,380.56,Millets
47.61,19.29,27.96,25.07,45.97,6.25,590.71,Millets
42.75,19.48,29.16,28.65,43.14,6.19,517.5,Millets
23.34,16.17,25.83,26.4,50.72,6.13,344.12,Millets
44.19,33.53,22.66,29.24,40.17,6.36,552.23,Millets
30.8,35.35,36.5,34.01,42.13,6.3,487.98,Millets
43.07,39.04,18.81,34.36,38.64,6.98,568.17,Millets
31.01,20.9,38.54,27.85,49.94,6.23,326.48,Millets
40.96,34.58,21.42,29.33,52.21,6.63,331.58,Millets
29.18,27.68,17.28,31.19,45.16,6.56,442.36,Millets
42.62,39.29,32.26,32.66,41.21,6.91,319.61,Millets
37.45,31.53,23.21,33.01,37.21,6.5,550.27,Millets
46.38,28.79,36.32,31.04,39.96,6.71,482.46,Millets
39.49,21.74,15.37,28.02,42.84,6.51,408.89,Millets
26.99,18.61,26.71,27.38,40.21,6.92,379.6,Millets
43.97,37.2,34.2,28.24,57.82,6.66,509.49,Millets
30.0,33.02,31.6,29.99,50.94,6.57,568.27,Millets
43.71,24.23,23.51,30.73,42.65,6.6,377.35,Millets
21.04,32.79,32.66,26.88,54.49,6.14,484.42,Millets
35.97,31.79,30.28,27.53,45.4,6.33,358.31,Millets
48.71,38.28,15.06,34.79,50.83,6.6,382.63,Millets
49.27,32.21,20.92,26.6,36.12,6.13,439.75,Millets
47.84,16.73,29.06,27.94,50.79,6.82,482.52,Millets
35.55,33.37,39.17,31.77,47.68,6.37,322.3,Millets
47.02,17.24,22.41,25.48,38.79,6.44,497.32,Millets
32.54,20.28,29.54,30.36,50.68,6.35,316.81,Millets
49.81,28.72,28.5,26.42,59.96,6.09,560.8,Millets
32.03,38.58,20.86,34.0,39.84,6.3,550.27,Millets
46.6,39.92,37.91,25.65,51.42,6.75,523.2,Millets
49.64,39.14,35.34,30.63,41.65,6.88,350.05,Millets
24.8,34.87,27.21,25.47,43.99,6.76,304.82,Millets
31.19,27.17,33.04,31.49,59.85,6.21,447.19,Millets
40.98,20.02,24.45,26.23,47.61,6.02,400.06,Millets
29.53,30.0,39.29,25.11,53.7,6.53,317.44,Millets
21.04,21.28,38.34,29.76,52.58,6.24,471.71,Millets
35.76,20.74,22.49,28.74,41.1,7.0,472.91,Millets
41.28,28.01,21.92,27.47,47.34,6.91,494.1,Millets
34.2,22.22,23.99,33.28,38.83,6.33,542.06,Millets
44.94,15.2,37.42,32.73,59.15,6.87,360.43,Millets
33.66,16.75,32.02,29.96,45.54,6.14,451.82,Millets
48.45,34.78,30.23,26.04,56.03,6.33,405.68,Millets
48.61,38.34,23.36,34.87,51.61,6.5,408.26,Millets
39.06,21.46,18.12,30.06,36.79,6.46,418.6,Millets
26.97,23.13,23.68,26.18,50.97,6.63,517.63,Millets
28.78,19.02,25.28,30.91,35.02,6.21,438.77,Millets
43.76,18.96,27.57,26.77,45.59,6.46,415.77,Millets
41.45,32.26,39.75,25.65,37.22,6.75,457.23,Millets
38.27,33.03,38.96,31.23,39.91,6.11,565.0,Millets
29.96,20.37,26.02,31.98,45.12,6.72,514.96,Millets
49.35,20.57,32.49,33.32,52.94,6.92,406.25,Millets
35.19,38.97,37.96,33.45,48.8,6.13,517.38,Millets
28.81,16.49,35.32,29.51,59.64,6.39,340.03,Millets
28.71,18.62,30.0,29.07,53.23,6.59,585.24,Millets
40.81,30.02,28.27,26.42,50.73,6.03,555.62,Millets
26.33,39.84,30.17,26.19,59.51,6.74,361.03,Millets
44.09,27.85,38.72,25.58,41.15,6.31,440.49,Millets
45.77,33.18,32.54,28.1,51.52,6.63,353.84,Millets
32.15,25.26,32.13,28.1,46.08,6.57,592.25,Millets
22.58,22.77,18.91,28.81,38.86,6.51,355.48,Millets
34.29,23.03,32.1,33.64,57.73,6.89,591.53,Millets
30.03,24.64,32.35,32.35,57.81,6.03,306.64,Millets
39.73,30.35,17.62,30.51,45.28,6.67,500.85,Millets
25.55,16.8,38.09,28.66,43.23,6.91,424.21,Millets
42.88,20.22,32.49,30.35,40.51,6.77,393.85,Millets
34.94,27.38,32.91,25.0,52.96,6.16,529.82,Millets
47.08,17.59,25.0,33.79,46.24,6.78,372.08,Millets
36.45,37.07,32.89,28.12,54.29,6.12,425.62,Millets
46.36,31.16,22.69,34.21,38.48,6.33,501.29,Millets
30.83,21.96,33.39,27.38,42.73,6.68,430.35,Millets
24.11,18.17,17.4,30.32,47.91,6.74,527.33,Millets
42.05,20.16,34.32,26.67,54.99,6.61,571.08,Millets
20.54,20.92,17.7,31.35,50.52,6.44,319.53,Millets
58.11,28.7,24.36,23.73,66.14,6.05,978.27,Soybean
33.52,36.31,39.99,28.92,67.99,6.37,995.56,Soybean
42.22,34.23,35.77,28.59,60.05,6.19,788.16,Soybean
45.53,35.49,29.83,22.46,65.3,6.7,649.47,Soybean
47.73,25.5,27.65,28.09,64.19,6.59,950.22,Soybean
51.55,20.23,32.71,20.42,69.59,6.23,627.03,Soybean
34.91,28.7,39.76,26.01,74.92,6.86,669.29,Soybean
38.57,32.75,39.83,24.61,60.42,6.96,701.08,Soybean
36.04,46.16,34.54,21.89,67.14,6.42,913.36,Soybean
35.05,32.26,24.05,29.94,74.58,6.82,866.8,Soybean
41.4,33.21,22.3,24.86,69.2,6.24,656.36,Soybean
48.04,45.9,22.06,21.63,71.95,6.56,652.87,Soybean
43.61,44.36,22.29,23.25,66.93,6.79,666.36,Soybean
49.46,36.23,24.64,23.58,65.25,6.49,666.42,Soybean
46.58,36.97,36.15,23.45,68.55,6.68,853.39,Soybean
31.47,20.97,27.54,28.82,79.21,6.11,656.05,Soybean
41.26,29.74,26.37,21.72,61.66,6.87,800.01,Soybean
41.38,46.6,32.19,25.26,71.71,6.59,720.84,Soybean
32.72,37.84,23.11,29.21,73.08,6.31,738.75,Soybean
49.09,27.94,31.52,23.05,66.72,6.11,822.72,Soybean
44.47,36.83,36.0,25.79,77.22,7.0,928.97,Soybean
55.17,46.53,35.75,29.23,62.24,6.64,696.55,Soybean
48.81,24.16,24.96,20.84,78.9,6.95,653.03,Soybean
59.89,28.99,27.93,26.48,68.05,6.31,903.1,Soybean
51.67,37.75,36.98,22.74,70.38,6.66,645.23,Soybean
43.32,45.26,23.12,29.33,71.1,6.46,637.83,Soybean
41.21,47.02,21.92,20.26,63.61,6.98,968.45,Soybean
59.76,23.73,26.85,21.57,73.7,6.36,682.42,Soybean
46.06,40.74,20.67,27.31,69.27,6.1,757.0,Soybean
48.54,45.62,35.38,21.53,64.6,6.08,619.2,Soybean
47.68,28.75,25.09,21.24,65.06,6.25,736.21,Soybean
39.87,28.24,33.38,23.28,75.55,6.48,679.66,Soybean
43.97,31.18,39.9,22.47,68.16,6.43,656.47,Soybean
54.83,36.42,28.78,28.08,72.66,6.65,630.67,Soybean
51.39,26.62,35.2,23.05,77.71,6.28,661.49,Soybean
35.69,48.28,32.1,26.98,78.74,6.16,796.24,Soybean
39.4,21.3,23.63,27.17,72.81,6.58,730.04,Soybean
44.89,31.5,35.59,29.18,76.28,6.54,701.76,Soybean
46.26,30.55,33.7,22.22,61.2,6.94,914.73,Soybean
55.25,29.1,21.32,28.78,69.1,6.22,669.57,Soybean
58.89,20.6,30.68,25.09,60.49,6.57,997.03,Soybean
42.74,45.38,22.87,24.07,70.4,6.37,729.22,Soybean
57.37,29.1,24.23,23.39,67.12,6.2,715.71,Soybean
42.23,35.35,33.39,22.85,76.67,6.56,889.97,Soybean
39.76,45.28,39.66,25.05,67.96,6.36,621.81,Soybean
32.53,28.58,33.44,21.79,68.62,6.15,632.5,Soybean
57.62,23.97,29.5,24.71,79.66,6.35,755.36,Soybean
44.48,30.71,22.45,24.6,63.34,6.44,651.8,Soybean
47.02,26.58,36.36,21.38,68.13,6.2,990.56,Soybean
56.65,20.29,20.99,23.99,60.05,6.68,737.82,Soybean
46.33,29.73,20.07,22.91,70.97,6.96,703.56,Soybean
42.33,49.56,20.65,21.37,76.47,6.51,884.84,Soybean
42.74,34.47,35.4,29.09,78.24,6.95,800.54,Soybean
37.43,39.98,37.99,22.35,79.44,6.73,703.63,Soybean
32.85,48.86,22.99,24.16,63.65,6.44,664.04,Soybean
54.36,44.02,25.42,25.35,64.35,6.16,683.74,Soybean
39.75,47.26,26.55,27.15,78.31,6.51,883.58,Soybean
32.43,33.58,36.37,24.29,77.74,6.87,967.17,Soybean
42.82,44.22,37.64,21.69,68.64,6.6,698.95,Soybean
43.54,34.83,22.94,29.47,66.4,6.98,748.42,Soybean
45.85,38.17,20.38,24.71,66.54,6.76,880.55,Soybean
41.6,31.18,34.11,25.72,74.76,6.76,680.51,Soybean
57.32,39.82,21.53,25.96,63.42,6.37,995.71,Soybean
51.65,28.66,34.43,27.24,79.71,6.72,920.09,Soybean
36.88,41.43,26.76,23.15,78.64,6.34,673.0,Soybean
45.59,41.96,37.23,26.61,68.07,6.45,746.14,Soybean
37.14,24.62,23.54,25.18,76.05,6.61,931.19,Soybean
44.83,31.02,32.53,22.32,73.54,6.91,675.41,Soybean
46.99,23.29,32.97,27.41,61.79,6.34,829.63,Soybean
34.77,33.93,21.78,27.0,67.32,6.27,814.09,Soybean
44.74,36.2,37.78,22.88,65.16,6.31,733.04,Soybean
56.93,40.45,36.3,23.5,72.88,6.74,712.43,Soybean
30.34,20.81,20.66,29.25,77.87,6.04,731.88,Soybean
35.88,20.43,34.72,24.51,74.35,6.91,689.4,Soybean
55.96,38.93,24.02,28.83,71.84,6.51,639.92,Soybean
34.09,37.6,33.6,27.51,77.32,6.02,722.86,Soybean
42.08,33.89,25.29,23.85,60.95,6.99,711.18,Soybean
46.18,47.4,38.42,27.22,75.5,6.37,872.1,Soybean
33.7,24.85,31.76,26.53,70.62,6.85,969.96,Soybean
55.24,43.19,22.18,25.86,79.57,6.97,785.58,Soybean
31.73,42.4,25.78,20.45,77.59,6.67,853.95,Soybean
48.8,42.86,24.22,21.27,61.66,6.17,919.2,Soybean
45.42,22.36,31.37,25.2,61.22,6.93,641.83,Soybean
49.84,24.21,24.6,27.15,71.21,6.29,691.79,Soybean
47.78,35.0,32.26,23.18,74.18,6.5,728.23,Soybean
51.41,38.01,33.88,29.12,69.0,6.91,954.34,Soybean
47.42,28.06,33.15,24.59,69.1,6.54,650.69,Soybean
56.56,20.85,29.72,21.52,78.74,6.55,770.62,Soybean
38.43,37.25,25.97,21.73,64.6,6.16,628.55,Soybean
51.86,40.09,35.35,23.9,73.14,6.18,926.1,Soybean
55.1,23.48,20.85,22.34,76.36,6.41,877.85,Soybean
54.32,28.66,23.76,29.39,66.94,6.12,811.24,Soybean
57.44,32.65,24.35,22.7,63.28,6.9,956.12,Soybean
43.44,33.56,29.78,23.69,77.18,6.84,920.66,Soybean
30.53,49.9,39.3,29.19,77.31,6.15,636.09,Soybean
39.9,27.95,33.96,26.63,76.29,6.1,937.14,Soybean
31.94,29.84,27.86,24.87,71.07,6.43,666.92,Soybean
35.68,48.07,25.36,22.04,67.68,6.82,740.12,Soybean
41.67,43.65,27.18,23.38,68.0,6.73,843.72,Soybean
55.46,20.17,27.24,24.01,73.27,6.28,698.17,Soybean
106.41,61.2,78.45,28.65,85.96,6.07,1692.77,Sugarcane
100.82,65.84,76.64,32.52,85.67,6.29,1231.31,Sugarcane
96.38,51.1,77.86,30.86,81.2,6.03,1571.91,Sugarcane
114.49,58.17,74.02,29.11,88.98,6.4,1363.17,Sugarcane
112.65,57.4,63.57,31.43,75.83,6.72,1717.9,Sugarcane
93.3,56.23,70.21,27.68,74.86,6.87,1576.26,Sugarcane
118.51,61.09,63.62,25.84,78.74,6.96,1348.08,Sugarcane
92.8,65.71,71.69,31.49,76.25,6.83,1636.43,Sugarcane
103.18,52.31,53.76,26.25,88.3,6.29,1523.1,Sugarcane
100.4,55.92,78.16,26.05,82.93,6.75,1700.2,Sugarcane
99.38,59.42,60.99,30.22,70.51,6.38,1568.45,Sugarcane
107.61,53.27,56.23,31.23,83.35,6.8,1618.95,Sugarcane
97.88,64.36,73.07,33.5,78.67,6.15,1569.78,Sugarcane
100.81,68.88,72.34,31.87,81.41,6.22,1705.33,Sugarcane
107.23,63.73,50.65,34.4,79.53,6.86,1570.4,Sugarcane
114.56,61.67,52.46,27.43,72.59,6.62,1433.62,Sugarcane
112.8,68.97,65.29,29.08,71.95,6.34,1394.91,Sugarcane
100.94,61.93,73.63,32.12,87.48,6.53,1473.9,Sugarcane
113.54,59.92,55.79,29.01,83.6,6.96,1437.86,Sugarcane
104.75,52.18,60.53,30.19,74.19,6.09,1384.67,Sugarcane
94.66,62.21,75.07,34.86,81.09,6.78,1723.55,Sugarcane
100.29,63.15,72.56,33.18,72.21,6.67,1359.46,Sugarcane
111.46,53.0,73.48,27.71,78.35,6.44,1457.0,Sugarcane
119.29,56.33,70.42,31.85,77.12,6.19,1549.42,Sugarcane
118.26,53.72,66.63,27.63,89.05,6.1,1236.09,Sugarcane
91.74,60.52,75.42,31.01,85.83,6.6,1460.45,Sugarcane
117.21,62.1,55.11,31.19,79.86,6.27,1222.16,Sugarcane
111.81,69.99,68.62,31.54,88.98,6.04,1681.14,Sugarcane
109.93,56.52,73.8,25.55,84.65,6.02,1656.58,Sugarcane
107.24,69.21,63.69,34.6,80.92,6.23,1643.89,Sugarcane
92.35,52.76,63.48,34.84,77.92,6.14,1765.77,Sugarcane
102.88,56.94,68.62,28.66,73.4,6.0,1612.82,Sugarcane
119.9,64.44,78.52,32.08,76.34,6.38,1641.35,Sugarcane
118.99,56.54,56.35,31.37,79.6,6.24,1236.44,Sugarcane
95.33,52.34,60.57,29.79,80.75,6.2,1759.9,Sugarcane
103.09,53.39,69.55,33.04,72.16,6.43,1772.44,Sugarcane
107.05,50.9,65.33,27.65,85.76,6.41,1408.0,Sugarcane
108.7,50.92,70.43,27.19,88.44,6.3,1634.14,Sugarcane
92.68,61.69,68.83,30.07,70.39,6.45,1294.75,Sugarcane
105.29,51.0,67.77,31.03,82.95,6.66,1565.96,Sugarcane
99.65,63.39,68.38,27.51,79.83,6.86,1524.89,Sugarcane
103.49,67.85,50.75,27.74,83.58,6.6,1601.07,Sugarcane
94.04,63.09,65.98,27.18,84.03,6.36,1480.13,Sugarcane
106.29,53.59,74.59,25.99,73.25,6.14,1353.15,Sugarcane
101.58,50.62,62.75,25.92,86.71,6.77,1625.57,Sugarcane
97.91,52.25,56.07,34.87,78.56,6.58,1586.27,Sugarcane
95.21,54.1,72.37,33.34,77.91,6.9,1404.56,Sugarcane
107.49,59.6,63.85,34.43,83.34,6.35,1454.66,Sugarcane
116.43,54.46,54.58,26.82,76.04,6.98,1681.63,Sugarcane
90.06,56.65,76.53,29.83,86.12,6.72,1232.45,Sugarcane
105.1,57.19,65.62,27.42,74.51,6.02,1528.31,Sugarcane
117.13,56.53,71.35,28.31,87.46,6.03,1766.46,Sugarcane
99.37,66.67,68.04,26.59,89.26,6.16,1585.89,Sugarcane
91.26,59.13,57.62,34.35,82.76,6.96,1701.16,Sugarcane
91.84,54.6,79.61,30.04,74.89,6.41,1699.0,Sugarcane
112.77,54.74,70.43,27.15,87.95,6.39,1571.31,Sugarcane
118.14,61.87,62.37,29.71,81.08,6.3,1530.05,Sugarcane
109.31,59.45,75.11,26.03,71.47,6.01,1784.55,Sugarcane
119.5,52.65,59.45,26.85,83.37,6.68,1288.0,Sugarcane
105.78,55.3,53.07,29.21,77.66,6.56,1214.59,Sugarcane
115.86,51.79,64.68,29.63,75.0,6.01,1561.45,Sugarcane
100.78,56.52,63.56,33.6,80.95,6.9,1285.82,Sugarcane
114.2,57.17,65.03,30.85,87.9,6.62,1701.74,Sugarcane
99.93,64.63,73.14,27.59,73.15,6.46,1372.84,Sugarcane
91.84,55.06,70.87,31.38,88.05,6.75,1238.16,Sugarcane
91.04,51.79,52.81,25.14,81.99,6.06,1394.36,Sugarcane
108.32,54.53,79.05,29.09,77.27,6.02,1232.8,Sugarcane
98.04,60.15,64.04,26.96,78.21,6.83,1636.14,Sugarcane
98.8,53.34,58.82,30.84,74.23,6.1,1593.26,Sugarcane
102.95,57.13,51.7,33.7,76.99,6.63,1773.08,Sugarcane
105.88,65.98,69.68,30.62,71.5,6.88,1750.87,Sugarcane
103.29,52.73,51.7,27.12,72.33,6.52,1780.99,Sugarcane
115.44,69.6,72.44,26.27,88.1,6.91,1595.63,Sugarcane
91.68,59.8,50.12,29.69,85.91,6.12,1623.48,Sugarcane
90.13,51.56,56.95,26.38,70.64,6.41,1264.49,Sugarcane
106.69,66.05,73.04,32.43,86.42,6.35,1588.86,Sugarcane
95.24,61.99,75.49,30.45,73.14,6.82,1778.54,Sugarcane
100.47,65.86,74.86,34.85,87.67,6.53,1503.27,Sugarcane
96.04,55.54,53.93,33.7,81.64,6.8,1311.23,Sugarcane
103.24,55.28,61.57,31.76,87.93,6.71,1377.6,Sugarcane
94.63,64.52,54.62,29.93,76.68,6.0,1283.47,Sugarcane
110.64,53.23,51.79,27.77,71.8,6.74,1373.83,Sugarcane
100.45,55.74,53.2,32.52,83.9,6.92,1287.69,Sugarcane
118.79,64.68,69.04,28.29,72.68,6.84,1566.46,Sugarcane
90.64,61.17,68.93,34.54,75.45,6.67,1739.93,Sugarcane
100.18,67.18,64.21,27.06,83.83,6.51,1573.12,Sugarcane
94.13,56.63,74.85,29.42,70.81,6.74,1397.07,Sugarcane
90.12,53.51,51.89,27.9,71.05,6.42,1356.56,Sugarcane
117.89,56.06,77.24,26.15,87.91,6.38,1329.91,Sugarcane
115.28,63.19,72.18,34.07,71.17,6.03,1731.8,Sugarcane
93.66,67.25,57.53,34.84,86.65,6.53,1645.38,Sugarcane
103.32,56.25,50.47,34.83,83.15,6.51,1215.39,Sugarcane
108.15,55.5,63.46,26.62,77.34,6.48,1680.01,Sugarcane
119.72,51.47,71.09,28.7,82.99,6.17,1682.79,Sugarcane
105.65,52.0,54.87,26.48,71.76,6.96,1603.53,Sugarcane
111.62,66.02,71.78,26.64,87.17,6.33,1527.56,Sugarcane
105.42,56.88,57.6,33.74,71.91,6.14,1456.53,Sugarcane
98.49,63.44,51.75,34.16,79.05,6.03,1777.05,Sugarcane
116.25,60.4,75.68,29.44,74.38,6.9,1557.24,Sugarcane
93.73,67.31,64.95,30.19,80.8,6.56,1464.62,Sugarcane
88.12,37.86,46.12,29.26,64.69,5.5,1156.19,Tobacco
82.34,32.63,56.55,22.98,60.87,5.78,926.11,Tobacco
73.29,56.06,39.64,26.07,74.22,6.27,1094.81,Tobacco
82.73,48.31,45.6,23.98,67.13,6.28,880.81,Tobacco
84.7,57.67,45.72,29.5,78.58,5.65,776.88,Tobacco
84.54,34.58,31.73,24.74,78.84,6.47,1093.41,Tobacco
87.04,41.4,36.29,24.79,79.3,5.53,1175.35,Tobacco
62.94,54.85,59.85,25.64,68.94,6.45,1141.87,Tobacco
68.03,48.47,36.24,23.23,74.48,6.28,1055.98,Tobacco
87.0,37.65,49.55,24.09,62.18,5.92,1187.4,Tobacco
85.15,37.79,52.31,27.82,77.02,5.94,850.79,Tobacco
69.09,48.2,33.74,29.02,75.87,5.76,909.01,Tobacco
77.91,40.55,50.18,27.08,62.44,5.66,1199.39,Tobacco
64.15,37.02,55.04,22.97,72.3,6.15,790.6,Tobacco
62.27,36.03,42.91,22.99,74.2,6.08,900.76,Tobacco
73.74,39.92,50.96,24.89,67.54,5.64,1047.09,Tobacco
76.94,31.83,46.89,24.18,62.13,5.73,1190.44,Tobacco
82.33,53.45,30.7,28.71,75.05,5.61,801.36,Tobacco
76.45,46.94,49.11,26.85,61.92,5.62,820.09,Tobacco
64.19,36.74,32.15,24.88,67.43,6.37,1137.54,Tobacco
65.53,34.81,48.86,24.13,67.83,6.48,860.75,Tobacco
67.82,38.25,46.77,23.51,62.78,6.25,781.43,Tobacco
68.78,53.58,56.77,27.94,69.29,6.09,1073.29,Tobacco
70.49,57.82,40.5,25.77,79.69,6.38,731.01,Tobacco
67.36,34.28,30.55,23.88,75.75,5.86,978.91,Tobacco
63.14,58.54,44.53,22.33,75.57,6.06,950.06,Tobacco
67.21,41.87,32.19,27.61,65.03,5.94,855.89,Tobacco
86.4,39.86,55.93,23.86,73.89,5.74,739.53,Tobacco
69.64,45.34,50.97,26.02,70.69,6.13,870.78,Tobacco
72.16,50.82,59.25,24.1,72.54,6.41,925.52,Tobacco
78.98,45.23,40.87,22.64,62.47,5.6,994.54,Tobacco
72.87,49.49,57.32,24.27,67.11,5.94,1086.25,Tobacco
60.06,42.8,36.49,23.7,78.22,5.65,881.83,Tobacco
63.12,52.27,40.0,22.79,64.41,6.5,1065.78,Tobacco
75.57,34.88,42.38,23.19,78.58,5.88,808.01,Tobacco
69.57,44.52,36.37,27.45,77.52,6.22,1124.01,Tobacco
72.77,47.29,48.64,28.25,75.67,6.05,1025.05,Tobacco
77.16,53.62,40.17,22.04,67.14,5.91,747.32,Tobacco
89.58,50.7,53.07,24.13,61.53,5.55,801.33,Tobacco
87.35,55.32,37.58,22.99,72.53,6.22,758.24,Tobacco
75.84,36.74,36.36,27.38,69.45,5.7,834.8,Tobacco
83.28,40.23,51.85,22.39,62.3,5.83,868.6,Tobacco
82.38,34.65,55.89,28.48,78.58,5.93,839.16,Tobacco
75.62,32.33,56.79,24.87,73.61,5.82,882.43,Tobacco
67.14,44.36,32.34,22.32,70.42,6.23,1041.25,Tobacco
89.05,46.68,58.39,24.79,68.15,6.46,912.68,Tobacco
83.91,58.77,43.54,28.9,77.12,6.23,772.61,Tobacco
60.41,32.1,59.55,25.6,73.69,5.75,904.22,Tobacco
68.22,58.62,49.17,24.89,61.07,6.21,1120.94,Tobacco
81.24,44.89,57.15,22.32,77.59,6.05,931.64,Tobacco
63.52,59.61,43.04,27.08,75.21,5.74,903.06,Tobacco
64.26,52.52,47.27,22.33,73.74,5.72,1176.31,Tobacco
69.44,56.76,39.83,29.78,64.99,6.49,731.93,Tobacco
88.13,40.74,36.9,24.06,71.37,6.18,818.93,Tobacco
66.57,59.43,48.33,22.69,66.03,6.1,1198.82,Tobacco
77.67,37.23,57.66,25.87,79.9,6.29,782.13,Tobacco
83.65,47.83,30.7,24.52,68.81,6.28,922.65,Tobacco
67.4,46.92,36.03,28.82,74.43,6.39,812.09,Tobacco
66.17,34.47,40.02,29.05,74.08,6.05,1049.22,Tobacco
63.46,40.42,53.58,22.02,78.52,5.96,711.9,Tobacco
80.63,43.73,39.75,25.71,71.56,6.33,1149.58,Tobacco
72.47,35.01,52.86,27.95,71.17,5.5,1088.82,Tobacco
72.2,45.66,52.05,27.84,63.41,6.45,1045.92,Tobacco
65.92,56.92,59.42,27.21,71.2,6.21,1106.21,Tobacco
86.77,53.28,37.1,27.77,76.85,5.61,749.59,Tobacco
84.58,44.98,46.4,27.0,70.28,6.45,823.78,Tobacco
83.36,54.92,49.29,23.73,64.5,5.71,862.98,Tobacco
73.15,40.92,42.18,23.63,66.07,6.43,805.03,Tobacco
71.62,30.57,31.35,28.06,68.43,6.16,1016.14,Tobacco
61.72,45.74,52.57,26.37,78.73,6.19,985.05,Tobacco
68.95,38.9,50.43,24.88,66.84,6.48,714.97,Tobacco
84.85,58.71,49.24,28.4,79.8,5.95,793.39,Tobacco
87.02,36.61,35.98,24.0,79.31,6.23,740.32,Tobacco
64.36,39.24,58.53,26.52,65.26,6.46,803.76,Tobacco
84.35,43.36,39.39,24.67,62.43,5.76,1183.0,Tobacco
89.66,52.58,34.09,22.33,71.21,5.51,1166.36,Tobacco
68.67,46.75,40.55,22.83,71.36,5.85,1037.56,Tobacco
82.09,52.02,58.16,22.9,64.45,5.66,974.82,Tobacco
68.71,45.2,54.86,22.95,65.08,6.03,833.07,Tobacco
76.26,54.04,37.78,27.25,63.55,6.05,853.58,Tobacco
79.6,34.7,44.29,24.53,63.54,5.75,1005.88,Tobacco
80.79,30.65,56.82,29.36,65.84,5.55,926.1,Tobacco
75.21,51.34,57.42,28.09,60.77,6.33,991.16,Tobacco
60.94,42.61,33.97,28.11,61.15,6.2,925.89,Tobacco
73.17,52.63,31.52,26.27,64.01,6.21,1176.77,Tobacco
69.23,38.56,48.69,23.23,76.67,5.79,1007.85,Tobacco
78.54,39.55,52.63,27.37,74.62,6.07,907.43,Tobacco
80.67,41.45,46.54,23.72,77.89,6.45,955.7,Tobacco
71.83,58.21,49.04,25.07,77.26,6.28,1041.24,Tobacco
88.21,58.08,41.82,23.93,79.97,5.79,1050.11,Tobacco
89.85,55.71,59.98,28.54,78.27,6.16,1094.86,Tobacco
69.38,55.91,45.02,27.34,66.81,5.77,1011.17,Tobacco
82.03,54.52,58.64,27.34,75.78,5.54,1130.23,Tobacco
65.07,44.68,55.06,22.75,63.2,6.49,877.14,Tobacco
64.48,47.77,52.72,24.18,70.76,5.79,1146.13,Tobacco
67.21,45.95,40.2,26.92,78.86,6.38,714.47,Tobacco
82.46,56.37,41.37,22.4,67.89,5.85,996.25,Tobacco
67.64,31.91,59.5,26.91,69.27,5.79,708.93,Tobacco
74.69,36.96,36.56,24.59,79.33,5.81,773.7,Tobacco
63.06,30.46,55.02,29.94,78.19,6.14,1133.51,Tobacco
74.63,49.09,34.63,28.54,63.61,6.79,501.39,Tomato
75.47,32.91,31.9,20.21,70.34,6.73,542.34,Tomato
53.21,47.99,36.37,27.54,62.01,6.02,581.33,Tomato
53.84,56.39,24.87,26.84,62.45,6.4,445.49,Tomato
53.3,52.7,24.01,25.64,75.22,6.66,720.74,Tomato
53.35,36.16,35.88,22.03,61.72,6.69,753.72,Tomato
51.0,44.68,24.83,25.64,65.95,6.7,575.24,Tomato
61.08,37.92,31.18,26.83,79.08,6.59,494.56,Tomato
73.76,39.81,48.82,27.77,62.8,6.04,415.22,Tomato
78.4,42.28,38.74,28.52,70.82,6.63,666.58,Tomato
71.79,31.33,32.46,21.69,71.18,6.41,471.06,Tomato
62.7,38.81,37.19,28.59,77.69,6.67,674.86,Tomato
72.54,53.27,44.85,21.15,68.68,6.56,606.95,Tomato
62.01,59.38,47.07,28.71,79.68,6.38,683.76,Tomato
65.69,53.27,48.44,22.08,71.17,6.22,405.63,Tomato
74.65,57.24,20.87,29.47,60.04,6.68,592.44,Tomato
78.75,58.27,39.51,22.87,73.39,6.73,433.77,Tomato
51.83,50.42,46.48,23.62,72.65,6.61,513.59,Tomato
73.98,49.26,49.09,28.25,68.09,6.72,685.58,Tomato
67.04,41.43,45.95,28.23,63.22,6.53,630.64,Tomato
78.17,56.47,32.23,28.43,64.43,6.37,629.92,Tomato
50.96,45.74,28.73,27.69,66.24,6.65,402.42,Tomato
67.39,34.27,28.19,21.13,75.21,6.43,734.3,Tomato
65.07,39.66,29.93,29.07,79.86,6.01,663.43,Tomato
67.12,56.09,42.56,20.88,72.8,6.58,418.41,Tomato
72.54,48.49,39.48,21.84,73.74,6.77,472.18,Tomato
60.05,51.14,46.25,20.92,64.69,6.61,751.01,Tomato
62.99,32.89,49.56,23.74,70.52,6.68,587.07,Tomato
72.08,54.23,38.98,24.17,74.01,6.71,702.01,Tomato
78.32,35.28,37.05,29.28,63.64,6.35,665.97,Tomato
54.46,44.19,35.09,20.37,61.29,6.79,723.5,Tomato
67.46,45.93,49.06,24.79,61.8,6.49,612.54,Tomato
71.43,36.06,43.97,23.86,60.42,6.27,766.43,Tomato
61.91,37.26,31.49,26.17,77.94,6.61,582.69,Tomato
50.29,51.72,31.22,29.66,63.06,6.23,765.51,Tomato
69.07,52.43,21.31,23.5,75.37,6.19,403.68,Tomato
60.7,32.28,37.58,20.53,64.64,6.23,760.36,Tomato
55.55,49.81,36.58,27.53,64.67,6.28,528.27,Tomato
51.9,31.97,27.55,28.78,66.59,6.79,748.94,Tomato
57.59,45.98,36.53,26.98,61.12,6.77,595.89,Tomato
52.52,46.94,26.76,24.13,63.95,6.67,655.03,Tomato
67.77,49.65,36.03,22.57,68.97,6.51,573.24,Tomato
62.5,38.55,28.07,23.41,69.86,6.62,556.33,Tomato
50.98,51.4,24.12,21.37,74.89,6.35,652.67,Tomato
54.98,37.14,31.56,27.64,75.0,6.74,679.76,Tomato
55.5,38.02,38.43,23.14,73.13,6.16,672.02,Tomato
58.99,43.89,36.69,27.6,70.93,6.29,771.92,Tomato
60.34,48.42,29.56,21.88,71.29,6.64,442.63,Tomato
73.8,33.83,49.71,23.04,68.41,6.32,581.69,Tomato
63.71,40.86,43.12,27.2,78.01,6.68,518.62,Tomato
53.25,57.07,24.05,24.33,72.0,6.25,669.52,Tomato
50.14,36.03,38.08,28.45,71.56,6.23,415.16,Tomato
69.92,45.62,20.54,21.13,76.36,6.78,407.0,Tomato
66.16,48.12,33.66,29.93,70.52,6.52,453.66,Tomato
57.98,37.21,27.59,24.73,70.39,6.47,569.35,Tomato
72.6,45.1,21.24,26.97,75.67,6.17,476.54,Tomato
61.9,35.76,30.05,29.93,71.51,6.45,633.82,Tomato
58.72,43.82,41.37,27.73,65.04,6.14,480.01,Tomato
75.83,50.34,42.72,27.13,76.79,6.53,555.21,Tomato
64.47,42.74,21.19,21.66,71.67,6.29,547.75,Tomato
67.38,57.52,39.47,27.32,69.89,6.76,688.01,Tomato
50.78,54.2,29.64,23.01,64.4,6.23,557.83,Tomato
68.09,44.94,32.66,20.78,74.13,6.41,688.38,Tomato
71.66,56.47,37.62,23.28,60.92,6.17,780.05,Tomato
60.09,58.35,43.02,23.27,72.41,6.33,615.61,Tomato
66.45,32.27,45.58,21.45,68.43,6.74,463.07,Tomato
53.32,50.34,44.94,27.61,68.57,6.18,479.14,Tomato
73.09,36.17,28.08,20.53,61.15,6.52,582.62,Tomato
73.77,54.01,43.0,29.27,70.44,6.73,729.71,Tomato
57.42,34.81,24.52,24.19,60.99,6.35,574.45,Tomato
55.38,35.29,40.78,21.72,76.19,6.52,673.99,Tomato
74.0,38.56,22.05,20.97,60.91,6.21,539.18,Tomato
56.29,34.82,36.96,24.7,71.36,6.45,762.16,Tomato
51.88,30.99,44.74,28.79,67.58,6.39,561.49,Tomato
62.6,41.96,23.48,21.61,63.69,6.62,504.32,Tomato
75.55,47.37,47.71,22.48,79.52,6.48,413.7,Tomato
78.98,40.16,38.08,27.07,77.21,6.22,613.3,Tomato
75.46,36.43,29.46,26.78,75.18,6.53,700.88,Tomato
75.19,47.71,36.79,26.65,71.52,6.09,606.79,Tomato
62.41,52.49,20.34,27.4,61.77,6.72,630.69,Tomato
58.69,55.22,48.62,28.8,66.94,6.31,549.06,Tomato
51.01,52.6,33.91,24.99,68.26,6.34,739.7,Tomato
58.14,57.9,30.98,29.35,77.16,6.1,721.68,Tomato
74.2,33.74,35.59,20.91,73.01,6.35,632.7,Tomato
59.8,35.01,40.02,22.99,75.73,6.03,419.34,Tomato
53.11,53.4,49.54,23.49,71.28,6.42,686.83,Tomato
57.61,49.16,39.6,29.26,65.43,6.07,566.51,Tomato
62.33,45.69,33.98,27.22,74.52,6.69,604.74,Tomato
79.29,53.54,40.26,29.92,62.08,6.5,414.76,Tomato
67.61,33.2,40.33,29.27,72.68,6.27,661.63,Tomato
57.13,54.89,29.63,22.98,78.42,6.49,414.77,Tomato
66.62,56.02,47.72,27.68,74.03,6.17,781.05,Tomato
67.45,43.21,31.97,20.64,63.83,6.04,537.72,Tomato
55.08,47.43,36.49,26.19,70.93,6.26,400.16,Tomato
66.08,52.36,37.41,25.32,72.74,6.22,652.03,Tomato
70.82,58.66,42.05,23.75,77.09,6.72,521.8,Tomato
71.56,51.96,49.41,25.21,79.92,6.51,729.37,Tomato
59.14,55.31,29.55,20.73,64.72,6.65,589.89,Tomato
67.18,30.34,25.3,22.03,70.76,6.17,510.07,Tomato
66.0,40.85,37.78,28.02,67.74,6.4,648.55,Tomato
89.4,58.21,34.36,21.87,63.35,5.82,505.19,Potato
67.48,50.52,36.56,20.83,60.08,5.73,637.99,Potato
69.93,56.15,44.71,23.25,66.78,5.54,516.17,Potato
88.5,46.35,31.7,21.91,71.66,6.17,617.21,Potato
66.53,50.66,46.52,24.33,74.97,5.74,680.07,Potato
72.59,41.98,37.68,18.3,67.27,5.98,728.57,Potato
63.27,58.19,42.34,24.36,63.5,6.45,630.19,Potato
66.27,52.07,42.62,24.13,77.61,6.25,607.77,Potato
71.43,53.35,35.35,20.75,70.6,5.52,590.85,Potato
69.8,56.61,31.57,19.91,66.05,6.24,669.82,Potato
71.7,41.44,46.18,24.92,68.49,5.53,734.66,Potato
68.06,51.41,47.18,18.43,63.24,5.85,552.1,Potato
85.6,45.37,38.43,18.03,77.21,5.7,675.55,Potato
67.95,45.63,36.86,21.66,61.63,5.83,729.53,Potato
71.17,40.63,38.35,24.17,67.18,6.1,554.11,Potato
69.67,40.91,30.66,20.86,69.32,6.21,549.51,Potato
63.47,44.11,43.79,18.14,60.11,5.51,523.82,Potato
86.8,51.74,42.34,20.92,63.91,5.73,765.16,Potato
61.89,47.71,47.47,22.55,61.09,5.8,693.26,Potato
82.31,53.1,36.75,18.59,70.78,6.49,596.11,Potato
60.67,43.83,31.08,18.48,76.52,6.17,729.36,Potato
75.67,56.08,47.65,18.2,69.05,5.94,592.68,Potato
65.93,40.35,31.07,23.99,71.91,6.38,614.65,Potato
74.03,53.81,44.16,21.7,79.55,6.43,791.72,Potato
61.33,45.07,49.83,23.68,76.09,6.24,579.83,Potato
73.06,57.72,35.68,19.51,78.96,5.93,502.88,Potato
67.84,40.22,33.27,18.82,71.48,6.48,501.9,Potato
77.62,56.71,35.95,20.41,66.9,6.49,716.4,Potato
63.73,50.77,31.35,18.23,68.08,6.29,684.34,Potato
79.84,58.24,44.26,21.66,78.06,5.91,598.63,Potato
83.02,59.38,43.48,22.28,79.83,6.0,631.71,Potato
69.28,54.45,47.38,23.55,71.33,5.53,715.19,Potato
68.31,46.7,34.56,18.84,65.07,5.92,539.55,Potato
81.46,43.4,30.9,23.84,75.32,6.01,505.15,Potato
88.13,47.04,47.29,18.93,72.79,5.75,524.93,Potato
82.83,44.45,47.23,21.42,65.1,6.42,608.91,Potato
76.84,56.01,38.53,19.67,63.9,5.62,625.09,Potato
61.38,47.36,49.0,19.91,65.99,5.88,706.61,Potato
73.92,58.98,44.74,23.46,76.8,5.63,622.04,Potato
61.79,40.87,37.61,24.2,74.65,5.79,720.09,Potato
85.14,49.73,44.99,24.58,61.56,5.9,679.26,Potato
69.02,43.18,31.56,21.2,60.67,6.45,529.95,Potato
69.87,44.74,48.36,21.4,74.95,6.47,527.04,Potato
68.81,54.66,42.17,18.91,74.23,5.99,672.91,Potato
67.1,45.3,44.65,22.12,66.11,5.96,746.24,Potato
60.2,52.59,42.21,24.42,72.38,5.81,618.16,Potato
76.89,54.08,30.35,23.47,78.28,6.16,714.29,Potato
76.37,48.17,49.14,18.97,66.45,6.0,630.98,Potato
74.84,55.18,39.46,19.81,68.47,5.79,619.83,Potato
82.7,40.73,44.14,24.99,76.51,6.07,787.8,Potato
62.6,40.88,41.46,21.41,71.32,5.89,796.8,Potato
85.0,54.83,46.77,19.09,67.94,6.07,783.63,Potato
78.71,55.1,39.58,22.48,61.43,5.66,767.78,Potato
80.03,47.39,30.57,24.28,60.99,6.37,796.68,Potato
75.07,46.42,40.81,19.51,75.59,5.76,597.06,Potato
67.58,46.92,48.46,20.35,79.85,5.97,548.86,Potato
78.67,56.41,44.14,18.49,77.88,6.46,558.99,Potato
88.05,46.14,45.14,23.42,75.75,6.32,531.59,Potato
87.05,52.62,45.63,19.06,63.91,5.91,681.92,Potato
72.25,48.22,41.71,23.2,64.39,6.41,785.94,Potato
66.82,49.68,39.33,21.49,61.74,6.04,668.94,Potato
64.86,55.06,40.8,18.38,65.17,5.75,623.13,Potato
64.77,57.75,47.46,21.59,70.53,6.27,501.91,Potato
62.18,43.05,47.46,23.05,63.63,5.62,669.84,Potato
87.08,58.64,36.0,23.92,67.53,6.08,525.11,Potato
64.26,54.57,44.07,19.27,66.09,5.92,603.78,Potato
65.58,58.07,35.03,18.89,70.89,6.07,531.55,Potato
87.51,55.71,44.07,24.64,74.09,5.57,570.37,Potato
65.05,58.96,41.37,23.29,69.8,5.97,535.7,Potato
68.41,53.27,40.88,20.33,77.79,6.44,629.38,Potato
80.95,55.32,31.68,20.13,67.2,6.29,569.23,Potato
80.8,53.59,32.48,18.13,71.89,5.69,616.99,Potato
80.76,41.67,31.06,19.45,62.59,6.28,644.96,Potato
63.77,56.36,48.02,24.38,70.92,6.22,715.03,Potato
79.44,57.11,30.57,24.51,71.2,5.5,517.8,Potato
68.62,50.4,38.4,20.9,67.32,5.82,520.23,Potato
89.19,54.37,30.61,20.33,69.93,6.01,650.86,Potato
75.17,40.73,39.52,21.75,68.0,6.19,710.65,Potato
83.11,47.69,35.22,20.52,69.13,6.19,542.75,Potato
74.34,50.21,39.13,19.87,60.07,6.2,504.66,Potato
78.23,41.17,41.4,20.79,61.72,5.63,532.15,Potato
66.71,54.11,43.24,22.67,70.28,6.27,590.41,Potato
61.19,42.67,43.71,20.73,61.38,5.7,582.0,Potato
85.36,51.36,38.49,24.17,65.97,5.56,784.36,Potato
86.57,42.88,46.4,18.95,79.01,5.89,667.53,Potato
87.09,49.78,30.75,20.04,74.07,5.67,605.34,Potato
65.16,44.92,32.61,24.47,78.7,6.24,737.98,Potato
81.07,50.46,45.72,21.52,71.68,6.07,718.65,Potato
85.01,52.71,36.68,20.0,72.35,5.73,509.18,Potato
77.83,59.35,43.91,20.56,65.48,5.99,553.15,Potato
67.66,47.33,48.09,18.41,73.89,6.4,679.29,Potato
75.38,45.17,39.94,18.82,73.66,6.44,640.04,Potato
77.54,43.69,31.56,24.24,60.19,5.62,742.93,Potato
66.49,46.72,41.84,20.48,70.57,6.22,738.1,Potato
70.66,49.27,31.73,21.22,71.32,6.06,519.66,Potato
60.7,48.53,38.86,22.54,76.97,6.26,584.98,Potato
63.33,57.89,32.28,24.7,75.06,5.73,682.09,Potato
88.51,45.65,42.37,24.09,62.72,5.83,725.69,Potato
86.86,54.6,35.66,24.72,65.4,5.67,629.46,Potato
66.87,45.22,42.28,21.17,61.63,5.77,722.12,Potato
60.5,40.38,39.89,23.52,57.78,6.54,575.71,Onion
67.82,43.76,36.83,21.24,50.49,6.14,599.89,Onion
53.36,31.03,32.67,26.56,61.28,6.62,594.23,Onion
66.83,33.56,35.89,22.05,56.46,6.55,521.13,Onion
67.37,22.73,34.04,23.09,52.44,6.3,687.2,Onion
57.81,40.24,39.63,27.02,61.1,6.65,585.84,Onion
49.41,29.31,37.48,25.82,62.71,6.97,669.44,Onion
40.87,41.61,26.53,19.7,66.64,6.34,516.84,Onion
57.68,40.64,31.66,22.13,64.08,6.23,650.28,Onion
61.07,41.15,36.17,26.52,56.53,6.78,464.35,Onion
43.86,48.3,32.54,19.68,54.04,6.34,682.39,Onion
45.64,43.75,32.99,24.02,66.02,6.83,404.8,Onion
67.5,32.02,24.94,24.49,64.67,6.86,588.13,Onion
48.45,40.45,35.48,27.59,55.49,6.74,503.42,Onion
54.84,22.07,23.19,21.51,68.87,6.16,683.37,Onion
51.58,28.31,29.59,24.32,65.95,6.22,479.6,Onion
68.91,28.72,37.43,19.73,52.95,6.33,503.01,Onion
63.95,48.61,30.69,26.16,69.52,6.74,426.93,Onion
46.35,34.58,28.82,22.54,66.41,6.33,522.48,Onion
62.75,34.52,20.28,26.5,61.18,6.81,452.62,Onion
59.93,34.48,29.97,24.87,56.41,6.67,666.26,Onion
41.62,37.34,31.2,23.66,54.49,6.03,630.06,Onion
61.65,42.92,25.33,20.73,67.61,6.82,407.69,Onion
46.52,44.55,37.17,27.62,54.24,6.63,440.22,Onion
68.1,40.0,30.13,19.82,57.81,6.91,498.78,Onion
64.34,26.76,22.96,25.14,52.62,6.85,593.12,Onion
50.51,49.9,21.53,26.82,56.45,6.95,555.06,Onion
59.43,26.19,28.9,19.21,57.24,6.64,438.62,Onion
62.82,28.04,35.88,20.88,65.41,6.99,406.67,Onion
56.21,26.36,30.04,24.13,62.21,6.02,556.35,Onion
50.31,38.16,29.61,26.84,62.62,6.4,670.03,Onion
61.55,26.01,30.44,23.61,60.16,6.37,649.44,Onion
58.47,30.27,35.68,23.23,69.37,6.12,644.26,Onion
41.42,34.26,20.25,27.45,60.47,6.82,620.85,Onion
67.43,29.49,37.08,21.35,69.78,6.12,690.65,Onion
68.42,33.16,21.83,19.18,61.86,6.46,630.52,Onion
66.76,49.6,37.18,24.52,65.3,6.71,527.42,Onion
58.15,24.07,25.71,26.2,57.7,6.56,446.59,Onion
65.76,42.04,23.66,20.21,65.54,6.24,547.21,Onion
45.72,23.57,39.54,18.31,56.04,6.52,597.9,Onion
49.02,36.78,31.87,21.0,51.38,6.84,545.38,Onion
69.58,45.14,38.54,18.46,55.88,6.98,575.97,Onion
57.94,43.37,33.6,25.59,67.15,6.42,529.04,Onion
66.52,37.72,30.42,25.35,56.42,6.1,667.07,Onion
63.81,20.03,28.83,20.75,59.35,6.84,665.13,Onion
44.51,28.51,21.51,27.39,53.26,6.16,613.46,Onion
53.39,23.13,33.99,25.7,63.59,6.48,441.82,Onion
63.89,45.04,29.9,21.06,54.14,6.9,554.06,Onion
56.41,43.36,26.09,26.06,60.37,6.23,622.75,Onion
48.76,48.86,22.31,25.36,52.52,6.51,492.63,Onion
66.6,20.48,37.32,23.23,52.51,6.88,400.5,Onion
65.22,39.77,35.22,26.6,62.3,6.03,624.39,Onion
40.33,26.83,28.95,25.24,64.06,6.24,663.17,Onion
58.96,37.84,29.13,23.78,56.19,6.34,443.02,Onion
68.71,42.8,34.88,18.72,63.06,6.14,525.92,Onion
53.11,40.96,23.18,26.52,67.25,6.7,688.68,Onion
51.3,41.67,36.56,24.22,56.82,6.99,432.2,Onion
48.18,23.31,39.93,21.78,50.3,6.51,534.36,Onion
51.77,42.24,26.13,26.25,62.52,6.86,663.47,Onion
50.92,29.86,34.94,25.79,66.35,6.13,612.4,Onion
63.99,31.47,37.37,24.94,59.05,6.95,490.87,Onion
68.37,33.71,36.64,20.35,61.63,6.52,534.23,Onion
59.87,34.82,38.81,24.18,62.14,6.98,460.52,Onion
57.85,26.61,30.15,18.27,66.51,6.68,554.58,Onion
55.6,46.91,22.5,26.71,66.61,6.67,642.8,Onion
40.48,44.04,20.03,25.72,65.53,6.82,615.42,Onion
69.93,46.1,26.81,20.74,59.1,6.21,586.57,Onion
63.87,34.88,26.69,22.93,59.28,6.36,484.92,Onion
43.08,46.88,26.17,19.17,69.16,6.77,496.49,Onion
58.86,28.66,26.65,19.54,60.45,6.83,602.59,Onion
50.97,47.14,32.64,20.92,56.93,6.67,437.15,Onion
56.45,42.02,32.17,25.06,64.41,6.45,461.61,Onion
53.24,29.94,22.64,24.46,59.3,6.05,677.16,Onion
67.94,26.93,39.81,20.49,67.19,6.7,658.5,Onion
41.29,32.3,35.69,27.35,54.37,6.38,625.57,Onion
56.91,31.77,38.44,26.03,60.24,6.55,571.56,Onion
64.71,29.04,37.65,27.76,58.7,6.59,614.17,Onion
46.7,29.11,25.46,23.7,69.0,6.6,630.9,Onion
54.09,42.64,26.61,21.85,56.12,6.56,522.83,Onion
47.44,38.65,39.45,21.77,51.45,6.34,585.88,Onion
59.84,42.39,27.06,27.32,65.85,6.52,454.96,Onion
64.92,32.73,20.49,20.16,60.5,6.76,574.0,Onion
65.97,26.88,28.96,22.68,62.67,6.31,559.14,Onion
65.89,33.48,24.79,25.56,66.8,6.27,670.42,Onion
59.9,30.6,29.68,26.77,65.16,6.27,447.87,Onion
62.68,41.01,34.49,22.8,64.59,6.32,525.32,Onion
68.4,42.73,20.98,18.93,58.71,6.63,512.16,Onion
61.34,27.87,31.49,26.65,65.98,6.29,610.01,Onion
55.88,37.09,34.76,19.28,69.86,6.43,501.19,Onion
66.36,39.94,30.42,24.15,55.95,6.51,479.69,Onion
55.96,27.08,28.12,23.54,65.58,6.31,486.45,Onion
61.42,26.31,26.23,24.17,58.67,6.78,468.56,Onion
45.47,32.07,35.26,27.62,65.51,6.43,458.79,Onion
44.28,33.65,33.61,21.75,65.2,6.01,631.2,Onion
58.32,20.8,38.44,21.98,59.47,6.91,418.3,Onion
44.61,21.03,29.62,23.53,64.37,6.93,403.14,Onion
62.77,33.67,34.05,21.51,61.93,6.23,457.45,Onion
68.75,31.31,38.86,18.9,62.94,6.43,485.38,Onion
63.31,42.46,31.23,26.32,64.7,6.48,576.89,Onion
51.34,24.05,35.84,24.04,69.48,6.43,665.07,Onion
66.4,33.2,42.94,31.74,79.92,6.31,767.59,Brinjal
62.35,39.01,27.82,30.66,78.73,6.45,629.38,Brinjal
77.09,46.16,39.91,31.58,63.82,6.34,785.32,Brinjal
68.26,40.9,44.09,27.23,67.87,6.45,648.34,Brinjal
65.46,36.64,47.89,28.19,76.73,6.36,729.53,Brinjal
56.2,39.72,33.15,23.93,77.23,6.01,518.75,Brinjal
79.55,35.9,38.97,28.96,63.24,6.29,551.21,Brinjal
64.14,47.58,27.65,22.6,70.79,6.47,754.13,Brinjal
68.56,46.28,25.22,29.91,79.88,6.46,643.82,Brinjal
66.97,30.03,29.5,25.9,77.42,6.53,678.7,Brinjal
62.53,55.43,21.25,22.14,72.18,6.48,685.61,Brinjal
63.72,56.83,42.59,24.3,63.56,6.56,662.77,Brinjal
63.84,54.71,38.94,22.54,65.57,6.51,732.78,Brinjal
63.18,54.24,21.23,24.6,65.93,6.69,654.06,Brinjal
70.12,47.24,24.6,27.31,74.17,6.11,704.92,Brinjal
67.95,35.1,44.11,27.42,74.96,6.34,592.95,Brinjal
68.47,50.95,32.39,23.48,76.11,6.7,626.5,Brinjal
65.51,55.1,36.24,24.74,74.17,6.11,708.12,Brinjal
61.11,57.64,27.45,22.7,70.84,6.5,640.39,Brinjal
54.57,37.58,25.99,27.63,75.07,6.28,669.44,Brinjal
64.5,43.89,28.11,25.86,77.28,6.37,561.31,Brinjal
79.46,59.88,32.95,30.75,60.13,6.32,773.91,Brinjal
62.94,33.68,35.56,28.6,60.17,6.1,528.03,Brinjal
63.2,33.11,39.82,26.71,69.02,6.32,589.39,Brinjal
57.18,53.74,37.88,22.99,68.96,6.36,578.77,Brinjal
54.13,49.62,32.09,24.58,78.59,6.72,554.04,Brinjal
77.64,31.61,29.09,25.02,72.88,6.59,663.81,Brinjal
66.89,38.92,31.12,29.61,68.89,6.5,635.9,Brinjal
54.99,58.53,41.29,28.38,75.0,6.3,703.84,Brinjal
58.82,40.27,46.41,27.55,70.78,6.19,576.46,Brinjal
70.99,50.44,32.98,23.9,63.32,6.76,727.28,Brinjal
67.13,43.63,28.83,27.19,71.98,6.55,689.06,Brinjal
78.96,31.26,40.37,26.73,65.75,6.76,535.15,Brinjal
75.95,58.88,33.62,22.8,74.97,6.57,774.99,Brinjal
70.91,43.77,34.22,22.66,69.59,6.28,766.46,Brinjal
61.09,50.43,45.84,24.74,71.09,6.28,600.78,Brinjal
54.52,55.17,25.85,27.18,79.66,6.77,670.89,Brinjal
63.53,39.24,31.39,22.82,66.01,6.55,590.44,Brinjal
77.56,48.16,32.03,31.58,79.5,6.8,679.23,Brinjal
64.94,34.27,30.07,22.91,77.33,6.07,512.79,Brinjal
66.21,55.72,45.26,30.54,73.89,6.47,544.99,Brinjal
66.13,41.98,33.07,25.09,79.22,6.58,782.12,Brinjal
54.85,54.54,29.74,31.57,62.36,6.03,651.41,Brinjal
62.18,48.11,23.15,26.81,61.65,6.78,510.5,Brinjal
73.21,44.97,46.3,27.5,77.41,6.61,505.65,Brinjal
59.81,46.64,48.23,29.17,72.78,6.67,775.46,Brinjal
73.46,37.86,33.38,30.87,73.03,6.03,762.45,Brinjal
61.59,35.08,27.32,22.09,72.06,6.15,577.05,Brinjal
64.5,36.22,29.13,25.61,71.46,6.67,718.22,Brinjal
55.85,47.09,29.61,28.81,79.62,6.33,542.96,Brinjal
67.45,56.44,26.51,28.74,73.72,6.33,774.36,Brinjal
79.42,31.5,31.95,24.88,66.25,6.72,660.71,Brinjal
71.92,34.76,34.06,24.2,67.76,6.06,531.35,Brinjal
75.1,39.55,38.24,22.9,78.51,6.36,689.96,Brinjal
52.7,45.12,34.65,26.97,73.86,6.05,771.76,Brinjal
74.83,37.82,27.26,31.48,66.73,6.66,504.45,Brinjal
55.99,44.12,39.05,30.49,62.38,6.5,611.8,Brinjal
70.4,42.39,33.97,24.11,65.59,6.75,733.73,Brinjal
63.12,31.24,32.43,22.58,68.69,6.77,610.25,Brinjal
68.44,39.38,37.39,23.36,71.45,6.51,519.75,Brinjal
50.9,48.23,28.22,30.19,65.52,6.05,758.59,Brinjal
73.17,43.83,24.61,27.4,68.67,6.07,673.65,Brinjal
69.71,42.5,28.0,25.38,60.91,6.34,644.7,Brinjal
53.22,47.72,31.96,27.1,60.97,6.6,758.71,Brinjal
53.47,55.37,36.95,24.26,73.82,6.34,708.85,Brinjal
64.9,58.52,21.86,25.55,62.59,6.13,705.18,Brinjal
55.88,45.4,29.52,25.17,79.41,6.57,710.37,Brinjal
54.59,54.88,26.78,25.82,77.22,6.65,647.42,Brinjal
76.67,49.43,21.16,26.6,61.8,6.19,518.95,Brinjal
52.63,43.06,30.16,25.26,71.44,6.19,538.08,Brinjal
53.86,35.07,43.66,29.22,79.15,6.2,685.68,Brinjal
78.72,59.83,46.86,24.6,67.64,6.23,585.63,Brinjal
58.62,38.29,47.18,23.39,73.41,6.63,647.68,Brinjal
68.45,48.66,49.76,29.76,61.77,6.6,655.69,Brinjal
61.94,30.16,21.21,22.42,72.86,6.61,749.07,Brinjal
68.79,42.18,38.37,22.24,75.07,6.13,758.12,Brinjal
59.11,44.34,25.85,30.84,61.73,6.15,631.75,Brinjal
79.17,32.79,33.51,27.62,70.42,6.03,685.19,Brinjal
79.95,33.99,45.99,31.53,60.79,6.29,733.42,Brinjal
60.35,44.71,45.36,23.09,77.89,6.19,587.52,Brinjal
61.06,53.28,34.42,29.61,69.23,6.79,659.54,Brinjal
73.56,52.56,40.94,29.36,77.23,6.1,531.71,Brinjal
55.71,36.01,24.28,28.66,61.68,6.28,770.33,Brinjal
56.67,38.24,23.65,23.64,70.17,6.14,549.83,Brinjal
65.97,56.17,28.15,22.15,78.71,6.04,569.87,Brinjal
52.72,35.25,46.21,26.17,68.9,6.15,699.89,Brinjal
55.27,42.41,23.38,28.33,78.01,6.63,753.27,Brinjal
70.27,43.11,30.26,26.5,73.76,6.23,563.01,Brinjal
56.92,49.79,34.66,25.91,75.41,6.28,605.65,Brinjal
55.36,43.21,20.54,29.33,61.84,6.14,541.05,Brinjal
57.85,51.61,37.37,29.94,74.3,6.41,570.93,Brinjal
57.09,57.86,46.35,30.64,70.33,6.35,739.17,Brinjal
66.51,41.46,24.67,30.29,61.27,6.6,609.35,Brinjal
59.11,49.87,24.59,23.37,70.96,6.17,509.37,Brinjal
53.0,43.03,39.67,26.05,62.91,6.68,744.96,Brinjal
57.87,50.89,37.35,29.43,62.82,6.18,734.5,Brinjal
54.11,49.15,32.45,31.37,67.97,6.63,522.44,Brinjal
55.25,37.18,29.9,25.95,62.91,6.65,566.06,Brinjal
68.86,30.44,37.24,22.52,74.34,6.14,784.93,Brinjal
73.46,37.82,30.65,23.36,71.42,6.53,523.05,Brinjal
58.61,37.48,46.14,28.2,57.93,6.84,733.45,Chili
54.41,40.46,25.5,31.32,72.71,6.57,616.38,Chili
71.17,49.54,31.02,26.92,50.91,6.94,523.72,Chili
71.95,36.87,28.09,31.68,69.95,6.17,439.54,Chili
60.56,45.2,38.85,25.69,66.18,6.93,499.74,Chili
73.03,53.72,28.51,31.43,61.73,6.92,527.11,Chili
54.69,53.78,43.36,30.73,56.31,6.96,470.14,Chili
71.08,34.34,44.53,26.11,52.78,6.65,545.18,Chili
57.4,38.06,29.91,27.21,73.03,6.57,556.94,Chili
76.73,35.91,31.84,28.44,74.39,6.83,728.82,Chili
70.39,53.43,41.41,31.52,67.42,6.73,797.2,Chili
69.47,40.72,48.22,27.6,71.6,6.19,643.69,Chili
78.01,39.96,33.17,31.77,72.23,6.52,735.61,Chili
58.5,59.12,20.15,28.81,59.21,6.31,408.54,Chili
76.59,56.87,26.57,30.92,71.98,6.91,713.92,Chili
66.89,31.63,24.95,29.79,65.14,6.04,632.28,Chili
70.81,41.51,27.37,28.55,69.02,6.22,734.03,Chili
73.37,38.9,22.62,30.25,61.42,6.67,748.47,Chili
60.38,54.01,25.75,31.48,73.59,6.75,607.31,Chili
50.42,52.78,33.88,26.63,50.14,6.58,455.54,Chili
65.68,37.6,35.42,30.2,67.17,6.59,692.25,Chili
75.18,57.61,21.49,26.18,51.04,6.18,651.34,Chili
63.81,35.2,28.75,31.39,71.53,6.12,593.03,Chili
59.19,31.11,44.52,30.6,61.47,6.34,469.85,Chili
56.9,50.82,28.83,28.84,71.98,6.57,768.53,Chili
79.07,34.04,42.23,27.72,61.35,6.8,731.75,Chili
69.2,48.28,47.56,28.42,72.52,6.05,421.26,Chili
64.68,35.43,22.82,28.84,51.5,6.59,473.43,Chili
74.32,30.65,36.36,28.24,72.05,6.71,473.16,Chili
78.09,50.14,31.66,29.45,50.37,6.37,658.91,Chili
60.71,45.09,49.11,28.86,50.66,6.54,437.81,Chili
74.77,51.41,46.64,30.94,69.91,6.39,534.65,Chili
73.85,48.81,43.42,27.02,70.62,6.34,673.98,Chili
75.94,50.9,41.67,29.41,72.19,6.41,769.79,Chili
53.05,42.99,28.13,25.24,58.11,6.06,650.62,Chili
74.66,43.86,44.48,31.82,70.94,6.26,664.89,Chili
77.82,53.66,47.3,26.61,60.33,6.97,638.92,Chili
61.59,51.9,35.91,29.34,64.55,6.05,699.02,Chili
54.91,47.16,45.11,29.17,71.72,6.66,414.14,Chili
52.84,54.87,28.83,26.09,66.5,6.94,652.57,Chili
62.61,30.26,46.04,30.72,55.7,6.61,645.22,Chili
78.73,51.93,39.38,27.56,63.7,6.17,792.69,Chili
67.72,45.35,38.58,25.82,69.96,6.3,713.3,Chili
74.37,54.14,34.55,28.42,71.6,6.24,406.27,Chili
71.31,59.44,37.09,30.9,60.05,6.03,618.13,Chili
77.97,36.8,43.22,27.54,57.25,6.35,498.06,Chili
56.86,46.37,40.69,28.31,72.62,6.19,470.4,Chili
69.03,34.16,41.29,27.0,56.79,6.71,556.78,Chili
76.25,54.31,49.75,30.46,65.27,6.67,746.7,Chili
73.84,33.25,25.07,25.99,67.28,6.95,760.7,Chili
70.62,39.5,26.69,30.36,70.49,6.84,707.39,Chili
63.3,46.75,47.86,31.22,53.04,6.52,433.34,Chili
53.09,57.75,30.08,28.01,72.92,6.21,538.72,Chili
70.69,51.22,43.75,25.56,56.65,6.5,495.51,Chili
50.02,33.96,34.91,27.28,73.71,6.14,678.03,Chili
52.27,33.84,25.14,30.46,74.67,6.66,677.82,Chili
70.82,49.21,30.48,29.15,50.71,6.78,477.36,Chili
53.11,45.56,44.36,25.39,66.53,6.02,599.13,Chili
54.66,36.14,34.7,25.31,55.3,6.85,525.49,Chili
61.51,30.7,25.16,30.64,53.88,6.42,545.51,Chili
61.45,59.14,23.68,26.28,69.53,6.92,789.68,Chili
60.32,57.07,44.19,30.28,73.72,6.82,411.74,Chili
60.8,48.63,27.61,29.88,68.8,6.71,788.18,Chili
65.87,59.17,43.45,31.64,54.35,6.57,774.49,Chili
60.87,39.55,33.57,27.24,50.07,6.25,738.65,Chili
71.64,44.26,35.77,27.15,64.34,6.13,571.26,Chili
73.01,41.8,47.94,27.87,59.55,6.15,646.73,Chili
54.21,35.21,27.39,26.98,72.53,6.15,427.36,Chili
78.06,45.49,34.88,28.58,69.18,6.14,482.48,Chili
69.54,40.55,29.0,26.23,51.63,6.03,632.05,Chili
50.24,45.91,40.55,30.05,69.64,6.48,715.61,Chili
71.71,54.51,38.7,29.07,52.89,6.21,585.65,Chili
78.21,38.22,33.57,26.71,72.82,6.73,786.14,Chili
60.93,49.8,38.34,30.74,55.26,6.66,583.79,Chili
73.62,31.79,22.82,26.66,70.62,6.02,420.4,Chili
68.99,47.94,31.11,30.57,74.58,6.81,453.81,Chili
61.82,56.32,31.56,28.21,62.37,6.68,569.75,Chili
69.93,40.75,38.53,31.59,55.01,6.61,554.6,Chili
52.1,48.57,48.55,28.5,54.04,6.98,515.98,Chili
61.13,31.67,22.38,30.17,67.65,6.63,524.26,Chili
55.72,43.98,21.46,25.85,58.96,6.91,700.25,Chili
78.13,52.51,22.38,25.16,61.15,6.47,757.04,Chili
66.99,47.9,25.32,30.3,63.32,6.99,780.48,Chili
62.28,54.4,47.33,30.91,54.78,6.68,519.04,Chili
52.8,50.52,43.71,29.17,72.34,6.25,520.15,Chili
57.45,35.03,44.89,29.39,54.47,6.79,563.24,Chili
70.91,44.85,47.08,26.15,60.8,6.03,480.94,Chili
55.78,36.23,38.05,26.61,66.04,6.5,457.89,Chili
64.28,46.29,41.95,26.4,66.15,6.4,421.22,Chili
61.47,36.02,25.43,25.33,57.47,6.64,754.61,Chili
72.05,38.43,28.36,25.32,72.41,6.96,633.57,Chili
53.02,51.99,45.42,25.88,64.71,6.86,702.94,Chili
60.75,53.66,27.54,25.83,69.49,6.84,707.0,Chili
59.9,33.4,34.01,30.76,68.52,6.57,538.34,Chili
60.56,37.11,31.68,30.97,67.41,6.2,550.78,Chili
69.78,31.83,45.8,31.06,62.36,6.17,540.94,Chili
50.35,44.68,45.57,25.44,57.62,6.11,728.03,Chili
53.79,48.1,34.05,28.46,74.46,6.91,564.67,Chili
63.2,35.84,36.59,26.87,52.4,6.57,542.38,Chili
59.53,50.23,39.3,25.91,50.96,6.98,487.06,Chili
